1997-01-06T15:10:42,19970106_151042_lasc2.jpg
1997-02-07T00:30:05,19970207_003005_lasc2.jpg
1997-04-07T14:27:44,19970407_142744_lasc2.jpg
1997-05-12T05:30:05,19970512_053005_lasc2.jpg
1997-05-21T21:00:53,19970521_210053_lasc2.jpg
1997-07-30T04:45:47,19970730_044547_lasc2.jpg
1997-08-30T01:30:35,19970830_013035_lasc2.jpg
1997-09-17T20:28:48,19970917_202848_lasc2.jpg
1997-09-28T01:08:33,19970928_010833_lasc2.jpg
1997-10-06T15:28:20,19971006_152820_lasc2.jpg
1997-10-23T11:26:50,19971023_112650_lasc2.jpg
1997-11-04T06:10:05,19971104_061005_lasc2.jpg
1997-12-06T10:27:05,19971206_102705_lasc2.jpg
1997-12-26T02:31:54,19971226_023154_lasc2.jpg
1998-01-02T23:28:20,19980102_232820_lasc2.jpg
1998-01-17T04:09:20,19980117_040920_lasc2.jpg
1998-01-25T15:26:34,19980125_152634_lasc2.jpg
1998-02-14T06:55:05,19980214_065505_lasc2.jpg
1998-02-28T12:48:00,19980228_124800_lasc2.jpg
1998-04-29T16:58:54,19980429_165854_lasc2.jpg
1999-04-13T03:30:05,19990413_033005_lasc2.jpg
1999-06-24T13:31:24,19990624_133124_lasc2.jpg
1999-07-03T19:54:05,19990703_195405_lasc2.jpg
1999-07-23T21:30:09,19990723_213009_lasc2.jpg
1999-07-28T09:06:05,19990728_090605_lasc2.jpg
1999-08-09T03:26:05,19990809_032605_lasc2.jpg
1999-09-20T06:06:05,19990920_060605_lasc2.jpg
1999-10-18T00:06:06,19991018_000606_lasc2.jpg
2000-01-18T17:54:05,20000118_175405_lasc2.jpg
2000-02-10T02:30:05,20000210_023005_lasc2.jpg
2000-02-12T04:31:20,20000212_043120_lasc2.jpg
2000-04-04T16:32:37,20000404_163237_lasc2.jpg
2000-05-10T19:26:51,20000510_192651_lasc2.jpg
2000-05-13T12:26:05,20000513_122605_lasc2.jpg
2000-05-20T14:50:05,20000520_145005_lasc2.jpg
2000-05-21T07:26:53,20000521_072653_lasc2.jpg
2000-05-31T08:06:05,20000531_080605_lasc2.jpg
2000-06-06T15:30:05,20000606_153005_lasc2.jpg
2000-07-07T10:26:05,20000707_102605_lasc2.jpg
2000-07-14T10:54:07,20000714_105407_lasc2.jpg
2000-07-23T05:30:05,20000723_053005_lasc2.jpg
2000-07-25T03:30:05,20000725_033005_lasc2.jpg
2000-08-09T16:30:05,20000809_163005_lasc2.jpg
2000-09-05T05:54:05,20000905_055405_lasc2.jpg
2000-10-02T20:26:05,20001002_202605_lasc2.jpg
2000-10-09T23:26:06,20001009_232606_lasc2.jpg
2000-10-25T08:26:05,20001025_082605_lasc2.jpg
2000-11-03T18:26:06,20001103_182606_lasc2.jpg
2001-02-28T14:50:05,20010228_145005_lasc2.jpg
2001-03-16T03:50:05,20010316_035005_lasc2.jpg
2001-03-25T17:06:05,20010325_170605_lasc2.jpg
2001-03-28T12:50:05,20010328_125005_lasc2.jpg
2001-03-29T10:26:05,20010329_102605_lasc2.jpg
2001-04-02T22:06:07,20010402_220607_lasc2.jpg
2001-04-06T19:30:02,20010406_193002_lasc2.jpg
2001-04-10T05:30:00,20010410_053000_lasc2.jpg
2001-04-11T13:31:48,20010411_133148_lasc2.jpg
2001-07-05T03:54:05,20010705_035405_lasc2.jpg
2001-09-20T19:31:43,20010920_193143_lasc2.jpg
2001-09-28T08:54:34,20010928_085434_lasc2.jpg
2001-09-29T11:54:05,20010929_115405_lasc2.jpg
2001-10-09T11:30:05,20011009_113005_lasc2.jpg
2001-10-19T16:50:05,20011019_165005_lasc2.jpg
2001-10-22T18:26:06,20011022_182606_lasc2.jpg
2001-10-25T15:26:05,20011025_152605_lasc2.jpg
2001-11-04T16:35:06,20011104_163506_lasc2.jpg
2001-11-17T05:30:06,20011117_053006_lasc2.jpg
2001-11-22T23:30:05,20011122_233005_lasc2.jpg
2002-04-15T03:06:05,20020415_030605_lasc2.jpg
2002-04-17T07:27:21,20020417_072721_lasc2.jpg
2002-05-08T13:50:05,20020508_135005_lasc2.jpg
2002-05-16T00:50:05,20020516_005005_lasc2.jpg
2002-09-17T08:06:05,20020917_080605_lasc2.jpg
2003-01-30T10:06:05,20030130_100605_lasc2.jpg
2003-05-28T00:50:05,20030528_005005_lasc2.jpg
2003-05-29T01:27:12,20030529_012712_lasc2.jpg
2003-06-14T01:54:05,20030614_015405_lasc2.jpg
2003-10-22T08:30:32,20031022_083032_lasc2.jpg
2003-10-26T17:54:05,20031026_175405_lasc2.jpg
2003-10-29T20:54:05,20031029_205405_lasc2.jpg
2003-11-18T08:06:05,20031118_080605_lasc2.jpg
2004-01-20T00:06:05,20040120_000605_lasc2.jpg
2004-01-21T04:54:05,20040121_045405_lasc2.jpg
2004-07-22T07:31:49,20040722_073149_lasc2.jpg
2004-07-23T16:06:06,20040723_160606_lasc2.jpg
2004-07-25T14:54:05,20040725_145405_lasc2.jpg
2004-09-12T00:36:06,20040912_003606_lasc2.jpg
2004-09-14T10:12:05,20040914_101205_lasc2.jpg
2004-11-04T23:30:05,20041104_233005_lasc2.jpg
2004-11-07T16:54:05,20041107_165405_lasc2.jpg
2004-11-10T02:26:05,20041110_022605_lasc2.jpg
2004-12-08T20:26:05,20041208_202605_lasc2.jpg
2005-01-05T15:30:06,20050105_153006_lasc2.jpg
2005-01-13T17:54:05,20050113_175405_lasc2.jpg
2005-01-17T09:30:05,20050117_093005_lasc2.jpg
2005-05-16T13:50:07,20050516_135007_lasc2.jpg
2005-05-26T21:26:10,20050526_212610_lasc2.jpg
2005-06-09T14:36:05,20050609_143605_lasc2.jpg
2005-08-05T08:54:05,20050805_085405_lasc2.jpg
2005-08-31T11:30:05,20050831_113005_lasc2.jpg
2005-09-09T19:48:05,20050909_194805_lasc2.jpg
2006-08-16T16:30:04,20060816_163004_lasc2.jpg
2006-08-26T20:57:06,20060826_205706_lasc2.jpg
2006-12-13T02:54:04,20061213_025404_lasc2.jpg
2006-12-14T22:30:04,20061214_223004_lasc2.jpg
2008-12-12T08:54:04,20081212_085404_lasc2.jpg
2010-04-08T01:31:40,20100408_013140_lasc2.jpg
2010-04-08T04:54:07,20100408_045407_lasc2.jpg
2010-10-26T01:36:05,20101026_013605_lasc2.jpg
2011-02-15T02:24:05,20110215_022405_lasc2.jpg
2011-03-03T06:12:05,20110303_061205_lasc2.jpg
2011-06-02T07:24:05,20110602_072405_lasc2.jpg
2011-06-14T06:12:05,20110614_061205_lasc2.jpg
2011-06-21T03:16:10,20110621_031610_lasc2.jpg
2011-08-02T06:36:05,20110802_063605_lasc2.jpg
2011-08-03T14:00:07,20110803_140007_lasc2.jpg
2011-08-04T04:12:05,20110804_041205_lasc2.jpg
2011-09-06T23:05:57,20110906_230557_lasc2.jpg
2011-09-14T00:00:05,20110914_000005_lasc2.jpg
2011-09-19T06:00:06,20110919_060006_lasc2.jpg
2011-09-24T12:48:07,20110924_124807_lasc2.jpg
2011-10-22T10:24:05,20111022_102405_lasc2.jpg
2011-10-26T10:00:05,20111026_100005_lasc2.jpg
2011-10-27T12:00:06,20111027_120006_lasc2.jpg
2011-11-09T13:36:05,20111109_133605_lasc2.jpg
2011-11-26T07:12:06,20111126_071206_lasc2.jpg
2012-01-02T15:12:40,20120102_151240_lasc2.jpg
2012-01-18T12:24:05,20120118_122405_lasc2.jpg
2012-01-19T14:36:05,20120119_143605_lasc2.jpg
2012-01-23T03:12:08,20120123_031208_lasc2.jpg
2012-01-27T18:27:52,20120127_182752_lasc2.jpg
2012-02-23T08:12:06,20120223_081206_lasc2.jpg
2012-03-05T03:12:09,20120305_031209_lasc2.jpg
2012-03-07T00:24:06,20120307_002406_lasc2.jpg
2012-03-13T17:36:05,20120313_173605_lasc2.jpg
2012-05-12T00:00:05,20120512_000005_lasc2.jpg
2012-06-14T14:12:07,20120614_141207_lasc2.jpg
2012-07-02T08:36:04,20120702_083604_lasc2.jpg
2012-07-04T17:24:04,20120704_172404_lasc2.jpg
2012-07-12T16:24:05,20120712_162405_lasc2.jpg
2012-08-31T19:24:05,20120831_192405_lasc2.jpg
2012-09-02T04:00:06,20120902_040006_lasc2.jpg
2012-09-28T00:12:05,20120928_001205_lasc2.jpg
2012-09-29T09:12:08,20120929_091208_lasc2.jpg
2012-10-05T02:48:05,20121005_024805_lasc2.jpg
2012-10-27T16:48:05,20121027_164805_lasc2.jpg
2012-11-09T15:12:08,20121109_151208_lasc2.jpg
2012-11-21T16:00:05,20121121_160005_lasc2.jpg
2012-11-23T13:48:06,20121123_134806_lasc2.jpg
2013-02-11T11:36:05,20130211_113605_lasc2.jpg
2013-02-14T18:36:05,20130214_183605_lasc2.jpg
2013-03-15T07:12:05,20130315_071205_lasc2.jpg
2013-04-11T07:24:06,20130411_072406_lasc2.jpg
2013-05-17T09:12:10,20130517_091210_lasc2.jpg
2013-05-22T13:25:50,20130522_132550_lasc2.jpg
2013-06-21T03:12:09,20130621_031209_lasc2.jpg
2013-06-23T22:36:05,20130623_223605_lasc2.jpg
2013-06-28T02:00:05,20130628_020005_lasc2.jpg
2013-07-01T20:24:05,20130701_202405_lasc2.jpg
2013-07-06T19:36:06,20130706_193606_lasc2.jpg
2013-07-09T15:12:09,20130709_151209_lasc2.jpg
2013-08-17T19:12:06,20130817_191206_lasc2.jpg
2013-08-20T08:12:05,20130820_081205_lasc2.jpg
2013-08-21T05:12:05,20130821_051205_lasc2.jpg
2013-08-30T02:48:05,20130830_024805_lasc2.jpg
2013-09-29T22:12:05,20130929_221205_lasc2.jpg
2013-10-06T14:43:22,20131006_144322_lasc2.jpg
2013-10-24T01:25:29,20131024_012529_lasc2.jpg
2013-10-25T15:12:09,20131025_151209_lasc2.jpg
2013-12-04T22:36:05,20131204_223605_lasc2.jpg
2013-12-12T03:36:05,20131212_033605_lasc2.jpg
2014-01-07T18:24:05,20140107_182405_lasc2.jpg
2014-01-14T10:00:05,20140114_100005_lasc2.jpg
2014-01-30T15:48:06,20140130_154806_lasc2.jpg
2014-02-04T01:25:46,20140204_012546_lasc2.jpg
2014-02-04T17:48:06,20140204_174806_lasc2.jpg
2014-02-12T06:00:05,20140212_060005_lasc2.jpg
2014-02-18T01:36:21,20140218_013621_lasc2.jpg
2014-02-19T16:00:06,20140219_160006_lasc2.jpg
2014-02-25T01:25:50,20140225_012550_lasc2.jpg
2014-03-23T03:36:05,20140323_033605_lasc2.jpg
2014-04-01T16:00:05,20140401_160005_lasc2.jpg
2014-04-02T13:36:20,20140402_133620_lasc2.jpg
2014-04-08T23:12:12,20140408_231212_lasc2.jpg
2014-04-18T13:25:51,20140418_132551_lasc2.jpg
2014-06-04T12:48:05,20140604_124805_lasc2.jpg
2014-06-12T21:38:32,20140612_213832_lasc2.jpg
2014-06-19T19:48:05,20140619_194805_lasc2.jpg
2014-06-25T12:48:05,20140625_124805_lasc2.jpg
2014-08-15T17:48:07,20140815_174807_lasc2.jpg
2014-09-02T15:24:06,20140902_152406_lasc2.jpg
2014-09-09T00:06:26,20140909_000626_lasc2.jpg
2014-09-10T18:00:05,20140910_180005_lasc2.jpg
2014-09-12T18:24:05,20140912_182405_lasc2.jpg
2014-11-01T05:00:05,20141101_050005_lasc2.jpg
2014-11-07T17:12:05,20141107_171205_lasc2.jpg
2014-12-17T05:00:05,20141217_050005_lasc2.jpg
2014-12-20T01:25:57,20141220_012557_lasc2.jpg
2015-01-03T03:12:08,20150103_031208_lasc2.jpg
2015-03-15T01:48:05,20150315_014805_lasc2.jpg
2015-04-04T23:24:07,20150404_232407_lasc2.jpg
2015-04-06T19:36:05,20150406_193605_lasc2.jpg
2015-05-06T16:48:05,20150506_164805_lasc2.jpg
2015-06-09T20:12:05,20150609_201205_lasc2.jpg
2015-06-18T17:24:24,20150618_172424_lasc2.jpg
2015-06-19T06:42:50,20150619_064250_lasc2.jpg
2015-06-21T02:36:05,20150621_023605_lasc2.jpg
2015-06-22T17:36:05,20150622_173605_lasc2.jpg
2015-06-25T08:36:05,20150625_083605_lasc2.jpg
2015-07-10T02:24:04,20150710_022404_lasc2.jpg
2015-07-19T08:48:04,20150719_084804_lasc2.jpg
2015-08-12T14:48:05,20150812_144805_lasc2.jpg
2015-09-04T19:36:04,20150904_193604_lasc2.jpg
2015-09-18T05:00:06,20150918_050006_lasc2.jpg
2015-10-22T03:12:07,20151022_031207_lasc2.jpg
2015-11-04T14:48:04,20151104_144804_lasc2.jpg
2015-11-16T03:12:07,20151116_031207_lasc2.jpg
2015-12-16T09:36:04,20151216_093604_lasc2.jpg
2015-12-28T12:12:05,20151228_121205_lasc2.jpg
2016-02-11T21:17:32,20160211_211732_lasc2.jpg
2016-03-08T20:11:04,20160308_201104_lasc2.jpg
2016-04-10T11:12:05,20160410_111205_lasc2.jpg
2016-05-02T09:12:09,20160502_091209_lasc2.jpg
2016-07-28T22:12:05,20160728_221205_lasc2.jpg
2016-10-09T02:24:05,20161009_022405_lasc2.jpg
2016-11-05T04:24:05,20161105_042405_lasc2.jpg
2017-04-18T19:48:05,20170418_194805_lasc2.jpg
2017-05-23T05:00:06,20170523_050006_lasc2.jpg
2017-06-28T16:00:05,20170628_160005_lasc2.jpg
2017-07-14T01:25:41,20170714_012541_lasc2.jpg
2017-09-04T20:36:05,20170904_203605_lasc2.jpg
2017-09-06T12:24:05,20170906_122405_lasc2.jpg
2017-09-10T16:00:05,20170910_160005_lasc2.jpg
2018-02-12T01:25:18,20180212_012518_lasc2.jpg
2018-03-06T01:25:41,20180306_012541_lasc2.jpg
2018-08-19T07:24:05,20180819_072405_lasc2.jpg
2018-08-20T21:24:05,20180820_212405_lasc2.jpg
2019-03-08T04:17:40,20190308_041740_lasc2.jpg
2019-03-20T08:24:05,20190320_082405_lasc2.jpg
2019-05-11T03:12:10,20190511_031210_lasc2.jpg
2020-05-26T00:36:06,20200526_003606_lasc2.jpg
2020-11-29T13:25:49,20201129_132549_lasc2.jpg
2020-12-07T16:24:06,20201207_162406_lasc2.jpg
